champion_name,games,ad_share
Aatrox,29,0.9168626866809164
Ahri,43,0.10849667366165111
Akali,35,0.06942054792461287
Akshan,25,0.8826726053590347
Alistar,35,0.17891996275733646
Ambessa,53,0.9865180090541263
Amumu,25,0.12670509263917437
Anivia,53,0.11385641071151244
Annie,31,0.06525963335512983
Aphelios,32,0.9485351912652826
Ashe,40,0.9122202714311869
AurelionSol,27,0.009250006771079082
Aurora,41,0.09765214237886985
Azir,26,0.027970861933470786
Bard,44,0.3369898298111251
Belveth,25,0.8943931988618197
Blitzcrank,25,0.34273301693074404
Brand,25,0.048387355391115425
Braum,27,0.2041699054024757
Briar,25,0.9018189455229468
Caitlyn,53,0.9696666055142863
Camille,34,0.9298360219294786
Cassiopeia,26,0.02435221315367315
Chogath,26,0.23493239309050915
Corki,34,0.7474816479642984
Darius,25,0.9977817790782004
Diana,26,0.12169639414466872
DrMundo,25,0.4466363673908469
Draven,31,0.9966597512563875
Ekko,36,0.12383782257088345
Elise,29,0.09440414793568494
Evelynn,25,0.0317223768847514
Ezreal,77,0.7182670134162092
FiddleSticks,25,0.02199269000609166
Fiora,28,0.9398063238207028
Fizz,25,0.15273374345416646
Galio,29,0.019748709035686873
Gangplank,30,0.7872408491256058
Garen,27,0.9981452490719902
Gnar,27,0.8256691877563942
Gragas,26,0.07874053626009281
Graves,35,0.9589020095857738
Gwen,25,0.16714393333239752
Hecarim,33,0.8372590908257386
Heimerdinger,25,0.05626990871411042
Hwei,29,0.056621174621420946
Illaoi,25,0.9737621800685416
Irelia,31,0.7715732272523959
Ivern,25,0.30394235018741916
Janna,26,0.17848277929206358
JarvanIV,40,0.9262880400713484
Jax,29,0.5622358476910072
Jayce,71,0.8194964471332459
Jhin,55,0.9410220654581248
Jinx,42,0.9630959121403281
KSante,28,0.9236670303668015
Kaisa,52,0.6177761252386172
Kalista,35,0.8265475202001543
Karma,54,0.11750113394508217
Karthus,34,0.014401197088087288
Kassadin,25,0.13037330554411677
Katarina,31,0.2828246937918802
Kayle,25,0.26065040794450894
Kayn,29,0.9316274861881175
Kennen,25,0.20528960470323887
Khazix,28,0.9262963227856508
Kindred,26,0.8427146019887249
Kled,25,0.9396322628850494
KogMaw,25,0.2679892749375912
Leblanc,31,0.08047261235478817
LeeSin,56,0.862235057718463
Leona,35,0.3178664020740646
Lillia,25,0.06443681413486092
Lissandra,27,0.09262078086470864
Locke,33,0.051038754286891024
Lucian,54,0.8710156634646331
Lulu,50,0.17181450071733628
Lux,30,0.07103057335395492
Malphite,26,0.26350593128985605
Malzahar,25,0.03369058829596832
Maokai,25,0.11194720370118383
MasterYi,27,0.9330480493406164
Mel,33,0.07840711488378356
Milio,25,0.23508572818288678
MissFortune,25,0.9688839339710453
MonkeyKing,28,0.8643734513742538
Mordekaiser,25,0.13973907634136934
Morgana,25,0.10025550553595328
Naafiri,36,0.9971407062093727
Nami,41,0.13459229932728564
Nasus,25,0.7421959131801612
Nautilus,65,0.3312841249457484
Neeko,36,0.08951087661029539
Nidalee,28,0.09145897770627608
Nilah,25,0.9979761695933227
Nocturne,26,0.9259045676376392
Nunu,27,0.06443058592826224
Olaf,32,0.9964685768319818
Orianna,33,0.06499756969760094
Ornn,25,0.367359816927795
Pantheon,52,0.9627581281275818
Poppy,28,0.844952873434976
Pyke,36,0.9952071621767118
Qiyana,45,0.9108677413524157
Quinn,26,0.9819351279678182
Rakan,40,0.2292394517602795
Rammus,25,0.3161338466170037
RekSai,26,0.8032295697519491
Rell,36,0.24629489081963624
Renata,25,0.28394237875161316
Renekton,29,0.8143135350121773
Rengar,34,0.9420272430137993
Riven,29,0.9976798833312761
Rumble,30,0.03895653028808784
Ryze,34,0.057475235814580236
Samira,25,0.8903566295862535
Sejuani,25,0.5935849823441232
Senna,40,0.9449052354569946
Seraphine,31,0.13869822108263924
Sett,25,0.9908965383452297
Shaco,26,0.3006004041181565
Shen,26,0.5710234816274213
Shyvana,25,0.4959072271275124
Singed,27,0.05810488895852869
Sion,29,0.6125993730502756
Sivir,32,0.9919908627954663
Skarner,27,0.7008535980369692
Smolder,25,0.8280764349953101
Sona,42,0.23538664223960176
Soraka,39,0.16545606385767972
Swain,26,0.06855857809415565
Sylas,48,0.02825234553992861
Syndra,38,0.050120298028664564
TahmKench,25,0.2052771924590225
Taliyah,28,0.05278338316552387
Talon,32,0.9979284308456986
Taric,25,0.36350259644711747
Teemo,27,0.12507382320716523
Thresh,36,0.17197499280732176
Tristana,34,0.9114678989428489
Trundle,25,0.8450104821275322
Tryndamere,25,0.9903403336454492
TwistedFate,29,0.24266287850775892
Twitch,25,0.9134682658670664
Udyr,25,0.29611586745923474
Urgot,25,0.9914235523054872
Varus,45,0.6071735308780185
Vayne,35,0.97166942042702
Veigar,28,0.054464758307941
Velkoz,25,0.036321501141860425
Vex,25,0.08624809788233927
Vi,33,0.995795148045045
Viego,35,0.9181986974303462
Viktor,35,0.030370341102997647
Vladimir,36,0.04218277207482118
Volibear,25,0.538950022495501
Warwick,25,0.47934408725522104
Xayah,25,0.9921022642503659
Xerath,26,0.024167869845143852
XinZhao,29,0.9346069567757957
Yasuo,52,0.9022255725603447
Yone,70,0.8232288354946758
Yorick,25,0.70188412385715
Yunara,65,0.6549539442281852
Yuumi,27,0.0562905317769131
Zaahen,29,0.9371793207578107
Zac,25,0.07761059366284417
Zed,41,0.9621641659311562
Zeri,26,0.771749465266913
Ziggs,25,0.042537608111378605
Zilean,26,0.13402621346953036
Zoe,38,0.09352819440790928
Zyra,25,0.05108777469753438
