champion_name,avg_kills,avg_deaths,avg_assists,avg_damage,avg_gold,win_rate,games,feat_avg_kills,feat_avg_deaths,feat_avg_assists,feat_avg_damage,feat_avg_gold,feat_win_rate,pca_x,pca_y
Aatrox,5.788235294117647,5.211764705882353,6.070588235294117,20328.04705882353,11186.888235294118,0.5,340,0.23243796598729066,-0.30047122481181443,-0.5743457144011339,0.19492560586226296,0.022969300168911834,-0.0012219388922022074,0.45214560427346645,0.2744377546231246
Ahri,5.894736842105263,4.6521739130434785,7.146453089244852,22505.116704805492,11245.318077803204,0.505720823798627,437,0.2836947059316925,-1.0783841367924727,-0.22856623331290543,0.5961718814864165,0.0582039757486853,0.1220238727571524,0.4162592722249431,0.9092362325075832
Akali,7.760532150776053,4.933481152993348,4.594235033259423,23654.064301552105,11601.441241685145,0.5365853658536586,451,1.181658977184765,-0.6873259975395377,-1.04884085403498,0.807929435927888,0.27295526733177566,0.7869500565824465,1.4548471006849346,1.282105508070597
Akshan,8.34351145038168,4.916030534351145,5.732824427480916,24712.18320610687,12820.809160305344,0.5038167938931297,131,1.462233475090934,-0.7115849055443539,-0.6829019087662126,1.0029467475714064,1.008265019677687,0.08100465605553354,1.9552105010244196,0.8544700271493827
Alistar,1.1538461538461537,5.699300699300699,14.797202797202797,6412.519813519813,7380.680652680653,0.5734265734265734,429,-1.997986694053122,0.3772749947273101,2.2303599545247677,-2.36978494018281,-2.2722703171859644,1.5806337443331406,-4.4636242362799425,0.19966339422521043
Ambessa,5.906555090655509,5.283124128312413,5.661087866108787,21148.613668061367,11474.354253835425,0.4602510460251046,717,0.289382556521514,-0.2012712079241,-0.7059578073534943,0.34616068300639147,0.19631859341640107,-0.8575482770717714,0.7947743727563373,-0.3735537724808793
Amumu,3.0,7.4523809523809526,10.833333333333334,12514.547619047618,8875.714285714286,0.4523809523809524,42,-1.1094754059292316,2.81431252654767,0.9563851413452857,-1.2451466286607613,-1.3707271539881665,-1.027096599668728,-1.8471759976329496,-2.9940569471782097
Anivia,3.8350983358547657,4.812405446293495,8.440242057488653,18089.942511346446,9958.5189107413,0.48714069591527986,661,-0.707561827791496,-0.855638908999678,0.18725335260834075,-0.21756974805996138,-0.7177685280399175,-0.27825465742262595,-1.0056193806311673,0.2331267127615635
Annie,4.995433789954338,5.621004566210046,7.922374429223744,23499.351598173515,10630.593607305937,0.5114155251141552,219,-0.14911912209517156,0.2684319371416351,0.020812373412610104,0.7794150077666319,-0.312490456391043,0.24470691814326573,0.15699717637768432,0.049424283736105475
Aphelios,6.598173515981735,6.045662100456621,5.493150684931507,24083.602739726026,13175.447488584476,0.45662100456621,219,0.6222425612589589,0.8587679170893918,-0.759932273709246,0.8870958047543491,1.222120917768212,-0.9357515956269833,1.929862996882754,-0.9764039250262007
Ashe,5.640883977900552,6.069060773480663,8.671270718232044,21831.138121546963,12489.975138121546,0.56353591160221,362,0.1615211742737732,0.891295489203783,0.2615052162462398,0.4719538084072933,0.8087637213371159,1.3675555781107318,0.6066773953753382,0.5070777235701778
AurelionSol,5.979166666666667,5.201388888888889,8.416666666666666,22804.847222222223,11557.958333333334,0.4722222222222222,144,0.3243288341943031,-0.31489512548147375,0.17967629832039367,0.6514139147517869,0.24673397178741688,-0.599648824345176,0.535979370402868,-0.12905793230198404
Aurora,6.5673076923076925,4.861538461538461,5.938461538461539,25463.003846153846,11327.292307692307,0.4846153846153846,520,0.607387551851827,-0.7873368435391278,-0.616810807020251,1.1413272472658513,0.10763651350702687,-0.33265836775846447,1.133413863340584,0.49274547576114003
Azir,5.005235602094241,5.439790575916231,4.952879581151833,24217.40837696335,11514.534031413612,0.39790575916230364,191,-0.14440173586621907,0.016518030256311406,-0.9335736574071047,0.9117569421222246,0.22054801740662894,-2.2006757273109847,1.1271651313513507,-1.4459097941419767
Bard,2.186588921282799,5.368804664723032,15.274052478134111,11532.069970845481,8367.138483965015,0.5276967930029155,686,-1.5009514071470826,-0.08216275147306464,2.3836178982377128,-1.4262228280155482,-1.6774112491844249,0.5954602617635333,-3.4918809212861266,-0.043302034608363814
Belveth,7.19811320754717,4.613207547169812,6.528301886792453,16022.254716981131,12610.150943396226,0.5566037735849056,106,0.9109797048399133,-1.1325530751202622,-0.42723802859755994,-0.5986563284428275,0.8812327770381119,1.2182139786346113,0.5465532156963239,1.7286676953660394
Blitzcrank,1.5246913580246915,6.320987654320987,13.265432098765432,7699.049382716049,7562.302469135802,0.4691358024691358,162,-1.819507446104367,1.2415106392538475,1.738053810953989,-2.132670248389154,-2.1627477597700127,-0.6661407005066178,-3.6560716042788557,-1.9348813257369673
Brand,4.456521739130435,5.8478260869565215,8.391304347826088,22703.42391304348,10948.989130434782,0.5543478260869565,92,-0.4084850690126481,0.5837469708444453,0.17152493115221687,0.6327210239916974,-0.12048988815824836,1.1696132717766594,-0.054911619091963515,0.4852671189810977
Braum,0.9882352941176471,5.658823529411765,15.047058823529412,6791.7764705882355,7505.782352941176,0.5117647058823529,170,-2.0776913831348236,0.32100581821478125,2.3106628725099854,-2.2998857886167454,-2.19683082199184,0.25222944788787977,-4.35803164508173,-0.7271613134254531
Briar,9.557692307692308,6.653846153846154,6.576923076923077,21359.576923076922,13141.288461538461,0.40384615384615385,52,2.0465907320941703,1.7042325566919911,-0.4116113354943116,0.38504240666864,1.2015221589079619,-2.072699619306341,2.4267127857276805,-2.357178888816835
Caitlyn,6.519169329073482,5.9696485623003195,6.182108626198083,24433.314696485624,13486.85303514377,0.49201277955271566,626,0.5842196673255665,0.7530979997608066,-0.5385034217972569,0.9515497005908935,1.409906353011386,-0.1732935672972104,1.8541830256441976,-0.34651750626172945
Camille,4.898009950248756,6.166666666666667,6.455223880597015,18118.01990049751,9805.485074626866,0.4626865671641791,402,-0.1960069703051783,1.0269819328809575,-0.450725063208301,-0.21239492609369695,-0.810051808923002,-0.8050789492021665,-0.1970830653280346,-1.3375356946865817
Cassiopeia,5.815668202764977,5.640552995391705,6.202764976958525,22035.917050691245,11016.788018433179,0.511520737327189,217,0.24564079252853707,0.2956071081129171,-0.5318645375350808,0.5096957257580286,-0.0796054407472965,0.2469735435537316,0.6008763827690966,0.0823441015787384
Chogath,6.0,5.6440677966101696,6.254237288135593,19210.71186440678,11385.559322033898,0.4180790960451977,177,0.3343554372720899,0.3004931950283545,-0.515321503357636,-0.011005603647248563,0.1427729995759175,-1.7660741095501244,0.67103847725848,-1.421916337102512
Corki,6.193083573487032,5.780979827089337,5.974063400576369,25701.198847262247,12809.449567723343,0.4697406340057637,347,0.4272821101774584,0.49082090891892294,-0.6053684837929098,1.1852279360855367,1.001414897511382,-0.65311059220985,1.7206656716436952,-0.5321328116734896
Darius,6.514925373134329,5.2388059701492535,3.8582089552238807,17635.641791044774,11345.626865671642,0.5,134,0.5821771491648542,-0.26287991898852514,-1.2853972527275876,-0.3012999458378997,0.11869271654573883,-0.0012219388922022074,0.7669256572690849,0.2714335205655268
Diana,6.372727272727273,5.1,6.009090909090909,20340.545454545456,11410.290909090909,0.509090909090909,110,0.5137404814274057,-0.45584048556846396,-0.5941107559533071,0.19722913103609263,0.15768677324202324,0.19462685998331525,0.6327052353520723,0.549951052267044
DrMundo,4.036585365853658,4.329268292682927,6.152439024390244,20864.128048780487,10842.103658536585,0.5060975609756098,164,-0.6105907649856858,-1.527270098899295,-0.548039135766847,0.29372837087721404,-0.18494453607105665,0.13014006035357256,-0.21279830017865967,1.1280186897817446
Draven,7.207865168539326,6.859550561797753,5.853932584269663,24804.606741573032,14242.207865168539,0.43820224719101125,178,0.9156730988606367,1.9901917201462058,-0.643978139246103,1.019980929024562,1.865404455362068,-1.332553661585334,2.6048738537118843,-1.9455352672189639
Ekko,8.005730659025788,4.765042979942693,5.564469914040115,22609.945558739255,12494.893982808024,0.5587392550143266,349,1.299667366824072,-0.9214796529665757,-0.7370105043604017,0.6154924334478576,0.8117299093210792,1.2642194406616498,1.4746519543972638,1.7924797964018724
Elise,5.9961832061068705,5.744274809160306,8.679389312977099,17712.25572519084,10735.526717557252,0.5648854961832062,262,0.33251850235707564,0.4397955744300898,0.2641145063144133,-0.287179563518593,-0.24921313202196263,1.3966301752193249,-0.29292115732439467,0.6775325933989185
Evelynn,7.912280701754386,4.9298245614035086,7.175438596491228,20628.859649122805,12000.78947368421,0.42105263157894735,57,1.2546920566226398,-0.6924091937750325,-0.21925038512070308,0.2503670712931943,0.5137723702643262,-1.7020141396532853,1.1678475839260027,-0.6189772910658778
Ezreal,6.569097888675624,5.638195777351248,6.610364683301343,28058.834932821497,12970.97312859885,0.4798464491362764,1042,0.6082491320956291,0.29233023084207715,-0.40086331146715687,1.6197536299941804,1.0988176975455135,-0.4353972991632656,1.9336936351614504,-0.1889620355208699
FiddleSticks,5.296296296296297,5.511111111111111,8.866666666666667,18223.585185185184,10955.622222222222,0.4962962962962963,135,-0.004320933355380371,0.11566398820891735,0.32430484150433936,-0.1929386457701399,-0.11648996573530201,-0.08101219028593212,-0.2868079148271989,-0.18730902439628228
Fiora,5.411290322580645,5.790322580645161,3.9798387096774195,21245.483870967742,11565.935483870968,0.4959677419354839,248,0.051023040622368135,0.503808700565133,-1.246305843406618,0.36401441047297756,0.251544395693674,-0.08809035774827892,0.9949505504269832,-0.2565035364538962
Fizz,6.722689075630252,5.890756302521009,5.915966386554622,20235.613445378152,12130.0756302521,0.4369747899159664,119,0.6821690297519601,0.6434262390330903,-0.6240406760180263,0.17788956698041478,0.591735198641231,-1.3589972252140747,1.2288462369047473,-1.2706980783980604
Galio,3.857707509881423,4.952569169960475,9.0,16602.351778656128,9795.830039525692,0.48221343873517786,253,-0.6966805535251648,-0.6607908667746022,0.36715774318847116,-0.4917411519223168,-0.8158740397367901,-0.38440437147473877,-1.2350998765527201,-0.022240976266429124
Gangplank,5.16751269035533,5.588832487309645,6.426395939086294,25262.030456852794,12420.802030456853,0.4720812182741117,197,-0.06630151414079809,0.22370804979009937,-0.4599902702831622,1.1042867124784408,0.7670505846461991,-0.6026865242713323,1.2071795949813147,-0.3843740895898056
Garen,5.62962962962963,4.6,3.6148148148148147,17718.977777777778,11325.02962962963,0.5111111111111111,135,0.15610471588921077,-1.15091349421663,-1.363623341498414,-0.28594065112548855,0.10627206130150314,0.23814881528898632,0.4527201007006026,1.0166484850237323
Gnar,4.241666666666666,5.230555555555555,5.261111111111111,21771.241666666665,11068.469444444445,0.46944444444444444,360,-0.5118898624931293,-0.27434919997699847,-0.8345090415373958,0.4609145522731748,-0.048440231313027195,-0.6594915128904731,0.3622906664794636,-0.2285095263499966
Gragas,4.462686567164179,5.358208955223881,6.930348258706467,20358.328358208953,10664.199004975124,0.5174129353233831,201,-0.4055180793932638,-0.09689233483373878,-0.2980216262368608,0.20050662097672478,-0.29222555007336853,0.37391133258578063,-0.1577200068914268,0.3306076272897927
Graves,7.651282051282052,5.064102564102564,5.987179487179487,20945.96923076923,12989.902564102564,0.4641025641025641,390,1.1290794227606806,-0.5057431631124347,-0.6011530160202797,0.3088121646025408,1.110232626804957,-0.7745736062468137,1.5635165073628996,0.0005329648823161816
Gwen,5.0,5.333333333333333,4.574468085106383,23393.205673758865,11461.163120567377,0.5177304964539007,141,-0.14692151046168392,-0.1314730815326531,-1.0551938871784619,0.7598517122502632,0.18836400580721885,0.38075266884373765,0.8438816932311134,0.5214031972938193
Hecarim,7.2100840336134455,5.0966386554621845,8.344537815126051,19638.831932773108,12552.936974789916,0.5168067226890757,238,0.9167409874709423,-0.46051324529046844,0.1564943189429487,0.06789935158419731,0.8467313042305961,0.3608514707936316,0.754738920122096,0.6881849315861749
Heimerdinger,5.457142857142857,6.485714285714286,6.085714285714285,23862.514285714286,11183.228571428572,0.5142857142857142,35,0.07309080850232703,1.4705047098278823,-0.5694842507646989,0.8463479495263645,0.02076243012620209,0.30654045934075447,0.9051591907652047,-0.6215204879742829
Hwei,5.26595744680851,5.049645390070922,8.556737588652481,25517.787234042553,11720.666666666666,0.5319148936170213,282,-0.018922322234616533,-0.5258407460138813,0.22469463918537266,1.1514241361719948,0.34485121963442494,0.6863323550324906,0.5013852644461267,0.9850425904796282
Illaoi,3.7857142857142856,6.678571428571429,3.9642857142857144,24249.321428571428,11238.964285714286,0.42857142857142855,28,-0.731329232709838,1.7386042988778894,-1.2513045257747268,0.917638698420272,0.054372478121089786,-1.5400339300569916,1.077999221374228,-2.1402975000075624
Irelia,5.569491525423729,7.088135593220339,4.277966101694915,20268.427118644067,11995.918644067797,0.49830508474576274,295,0.1271616326544991,2.307958291191871,-1.1504886647605752,0.18393731295482416,0.5108351365842596,-0.03773612173340001,1.271252036282706,-1.423528426358653
Ivern,2.4716981132075473,4.047169811320755,12.952830188679245,9480.990566037735,9942.235849056604,0.4716981132075472,106,-1.3637349254866968,-1.9194281792502619,1.6375845690600246,-1.8042483880647797,-0.7275876268303433,-0.610939897655609,-2.916252404348003,0.3908683258509404
Janna,1.5392156862745099,4.661764705882353,14.681372549019608,7562.857843137255,8008.926470588235,0.5245098039215687,204,-1.8125172217364112,-1.0650515343247968,2.193132487743947,-2.157771121082119,-1.8934221699420104,0.5268017835663044,-4.157153138304188,0.4590778797063462
JarvanIV,5.811594202898551,4.971014492753623,11.706521739130435,16886.27536231884,11682.623188405798,0.4927536231884058,552,0.2436800703077557,-0.6351491747559616,1.2370250681353891,-0.4394124261432473,0.32191003826397335,-0.1573333003147165,-0.5838237270691813,0.21954936188547877
Jax,4.9743589743589745,4.747252747252747,4.5677655677655675,18761.65567765568,10698.0,0.5091575091575091,273,-0.15926194501896013,-0.9462106740872794,-1.057348054553278,-0.0937692041652253,-0.27184269359399577,0.19606164971866746,0.0855305216448582,0.801982045374297
Jayce,5.753218884120171,5.600858369098712,5.657725321888412,24888.688841201718,11967.032188841202,0.48283261802575106,932,0.21558537506311118,0.2404257814636474,-0.7070385181801263,1.0354777365726973,0.4934158721321868,-0.37106516423652947,1.269808233051735,-0.22109066426758264
Jhin,6.535666218034994,4.664872139973082,8.018842530282638,21591.56527590848,12872.382234185734,0.5289367429340511,743,0.5921592396920659,-1.0607317471995594,0.0518169087900979,0.42779917503093984,1.0393648900315167,0.6221729592781897,0.8161905484887907,1.3184984872298302
Jinx,6.353413654618474,5.602409638554217,6.449799196787149,21731.305220883532,12927.092369477912,0.4859437751004016,249,0.5044452822543072,0.24258227251897127,-0.45246853902308876,0.4535540389511859,1.0723564879062784,-0.30404036285635766,1.2967218035941974,-0.19161192042753925
KSante,4.090634441087613,4.61631419939577,6.229607250755287,17439.199395770393,10275.18429003021,0.5196374622356495,331,-0.5845781910292548,-1.1282343749012214,-0.5232375176351467,-0.3375053927440234,-0.5268112803825118,0.42183513420748303,-0.671569712045707,0.9803197423527673
Kaisa,7.795180722891566,6.042168674698795,6.176706827309237,23624.504016064257,14091.026104417671,0.4738955823293173,498,1.1983345362158526,0.8539115451854294,-0.5402395424725156,0.8024813077615351,1.7742380228527308,-0.5635990119684904,2.3201637841132268,-0.6479152993138306
Kalista,8.015444015444016,6.976833976833976,5.945945945945946,24452.444015444016,13493.683397683397,0.49034749034749037,259,1.304342181353287,2.153232792453725,-0.6144053426845515,0.9550753425020043,1.4140252346965214,-0.20916950526582193,2.442657045836064,-1.2548384762745493
Karma,1.574468085106383,5.577304964539007,13.936170212765957,10364.590070921986,8065.860992907801,0.44964539007092197,705,-1.7955510548263136,0.20768310992120362,1.9536268693669732,-1.6413959909756473,-1.8590892103262568,-1.0860298248622737,-3.4488155794666473,-1.4881941332744015
Karthus,7.6255506607929515,7.348017621145375,8.832599118942731,30912.101321585902,12964.286343612335,0.5286343612334802,227,1.1166954976851406,2.6692322572787535,0.31335564195508964,2.1456267980704857,1.0947853967630001,0.6156586390637264,2.3381177829611395,-0.9658273969226684
Kassadin,6.160493827160494,4.481481481481482,4.617283950617284,20143.53086419753,11564.222222222223,0.4074074074074074,81,0.41159741653800413,-1.3156715407110091,-1.0414330066140145,0.16091822533465056,0.25051125550734854,-1.9959782237354475,0.8980134447344816,-0.4462278423941879
Katarina,8.901574803149606,5.791338582677166,5.937007874015748,23473.728346456694,12278.527559055117,0.5236220472440944,254,1.7308165021531576,0.5052210917434893,-0.6172780100670798,0.7746924972398189,0.6812554733151288,0.5076765148788295,1.9034451288524121,0.3174192779676687
Kayle,4.752293577981652,4.495412844036697,5.073394495412844,18807.697247706423,11814.394495412844,0.5412844036697247,109,-0.26613690118472866,-1.2963049125393649,-0.8948405541148645,-0.0852834818362013,0.4013714753266188,0.8881831569186386,0.19801317965675963,1.5736795262654497
Kayn,8.626666666666667,6.173333333333333,6.026666666666666,21619.506666666668,13181.633333333333,0.46,150,1.5985095533194693,1.0362495729962655,-0.5884619643676715,0.43294893172254306,1.2258511388941538,-0.8629566539444836,2.1271961251302254,-1.040600969597127
Kennen,5.107142857142857,4.957142857142857,5.814285714285714,22110.707142857143,10879.07142857143,0.5,140,-0.09535612320449406,-0.6544327737536535,-0.656720514907396,0.5234799636626539,-0.16265203401813988,-0.0012219388922022074,0.3481296748143259,0.5167289165241264
Khazix,7.820408163265306,4.751020408163265,5.742857142857143,20964.244897959183,12882.016326530613,0.4857142857142857,245,1.2104759217180616,-0.9409730752779996,-0.6796774265238952,0.3121804736541362,1.045174491832593,-0.3089843371251601,1.5090219945144077,0.6353059044784771
Kindred,9.0,5.456140350877193,6.6725146198830405,23211.56140350877,12909.309941520467,0.5964912280701754,171,1.7781862804734114,0.039246604801984046,-0.38088852305207804,0.7263736436635125,1.0616332332611227,2.077524084260231,1.7862057704044114,1.7820422178988484
Kled,4.3896103896103895,5.428571428571429,5.883116883116883,19256.597402597403,10707.87012987013,0.5194805194805194,77,-0.4406879590784031,0.0009217772574744913,-0.6345984000769512,-0.0025486388744508175,-0.26589075518426597,0.41845405869819374,-0.09513696494754181,0.2977236725642216
KogMaw,7.548076923076923,6.826923076923077,6.8173076923076925,30548.83653846154,13723.778846153846,0.5384615384615384,104,1.0794091736676437,1.9448347519932785,-0.33435249832340047,2.0786750395160083,1.552778620485266,0.8273691332734529,2.7086304983299314,-0.26145126584897316
Leblanc,7.0,4.841791044776119,6.973134328358209,23224.328358208953,10973.507462686568,0.4925373134328358,335,0.8156323850058638,-0.814788636303188,-0.284270321965087,0.7287266657792565,-0.10570471254333132,-0.16199334095419554,0.7478710273336693,0.5657553422601269
LeeSin,7.969365426695842,4.864332603938731,8.200218818380744,19043.65536105033,12077.515317286652,0.5175054704595186,914,1.282165618804686,-0.7834525776096337,0.11011066060285474,-0.04179506411043756,0.5600399981035783,0.3759048510650318,0.7107990566421014,0.9067719934583506
Leona,1.5020408163265306,6.718367346938775,13.473469387755102,8368.477551020409,7879.34693877551,0.4857142857142857,245,-1.8304086296773743,1.793926436300906,1.8049163221417965,-2.0092908425783356,-1.9715619110253506,-0.3089843371251601,-3.490217378996581,-2.020190597792376
Lillia,5.478527607361963,4.662576687116564,7.441717791411043,20334.920245398775,11942.521472392638,0.43558282208588955,163,0.08338279581582742,-1.063922761845939,-0.13366911391748815,0.19619237310605647,0.47863528903958885,-1.3889849002494048,0.42523588259471157,-0.23105619153306442
Lissandra,4.597156398104265,5.208530805687204,8.85781990521327,19504.672985781992,10273.431279620852,0.5308056872037915,211,-0.3408008495961427,-0.30496681828843514,0.3214615210134491,0.04317309722609971,-0.5278683900786763,0.6624363132215229,-0.6685867000809127,0.6079522782186436
Locke,10.140287769784173,5.5,4.881294964028777,21849.258992805757,12112.81654676259,0.49640287769784175,278,2.3269804978532904,0.10021792135006928,-0.9565807216046337,0.47529358769137603,0.5813275339712025,-0.07871606794366592,2.1547587234428787,0.17996681204293322
Lucian,7.105263157894737,6.065789473684211,6.082706766917293,26112.07706766917,12950.507518796992,0.4849624060150376,532,0.8662931163462612,0.8867479048203625,-0.570450857569604,1.2609551210093783,1.0864764162593534,-0.32518235808478935,2.027500918880664,-0.5173098646331726
Lulu,1.4661508704061896,5.187620889748549,15.110251450676982,8026.609284332689,8053.653771760155,0.5183752417794971,517,-1.8476816333042463,-0.33403465465255655,2.3309727782973613,-2.072299101875737,-1.866450473995605,0.39464265457959113,-4.072445587461116,-0.12424798014820078
Lux,4.864978902953586,5.641350210970464,9.514767932489452,19964.396624472574,10982.763713080169,0.4219409282700422,237,-0.21190405192784756,0.2967153541746565,0.5326024901968288,0.12790276960081093,-0.10012295901296792,-1.6828772372537224,-0.15431619026773108,-1.4651042152780756
Malphite,3.1658031088082903,4.217616580310881,7.005181347150259,16726.34715025907,9392.0,0.49222797927461137,193,-1.0296781917972069,-1.6824822821776104,-0.2739705138733476,-0.4688881021165205,-1.0593937861718816,-0.16865744052153217,-1.3702957970887628,0.8209526351043333
Malzahar,3.3962264150943398,6.584905660377358,6.754716981132075,19707.22641509434,10823.735849056604,0.39622641509433965,53,-0.9187807662611325,1.6083952042659007,-0.3544689502660151,0.0805048423434324,-0.19602079060721433,-2.2368544543580273,0.0651165703633834,-2.741116201843037
Maokai,2.3098591549295775,5.084507042253521,12.070422535211268,11831.633802816901,8249.591549295774,0.5915492957746479,71,-1.4416242853511319,-0.4773779590758716,1.3539816059146086,-1.37101151582254,-1.7482950292977033,1.9710582187978791,-3.1634239785217,1.2936348257494081
MasterYi,8.755725190839694,5.67175572519084,4.419847328244275,20032.40458015267,13156.770992366412,0.4732824427480916,131,1.6606224459124894,0.33898345867195867,-1.1048884978694966,0.14043702130920893,1.2108585173072142,-0.5768081035263597,2.1278673487549247,-0.36263542667475
Mel,8.203389830508474,5.694915254237288,5.262711864406779,25007.86440677966,12794.021186440677,0.4067796610169492,236,1.3947961695668456,0.37117858573833723,-0.8339945646103971,1.0574424688088966,0.9921111926600258,-2.0095019951581126,2.341866702519358,-1.3789832812962828
Milio,0.8194444444444444,4.256944444444445,14.722222222222221,5364.506944444444,7582.138888888889,0.5069444444444444,144,-2.158926528070933,-1.6278108084835652,2.2062614404658007,-2.5629396522053574,-2.1507858960262323,0.14838478247104064,-4.71051715211761,0.4726195797795001
MissFortune,7.261682242990654,6.327102803738318,6.88785046728972,24251.21495327103,13559.205607476635,0.5794392523364486,107,0.9415740161885333,1.2500115898615212,-0.3116802788171704,0.9179876857551142,1.4535367874612857,1.7101670980106929,1.83194370861578,0.7010511158809278
MonkeyKing,6.354838709677419,5.005376344086022,7.112903225806452,17407.451612903227,12009.064516129032,0.45698924731182794,186,0.5051311284034289,-0.5873811839792986,-0.2393490508087189,-0.34335668907635947,0.5187624305388653,-0.9278184066903551,0.46064705352399354,-0.23483675624766664
Mordekaiser,5.026315789473684,5.473684210526316,4.842105263157895,22323.447368421053,10833.078947368422,0.5789473684210527,38,-0.13425632762658468,0.06363513142121863,-0.9691761645930123,0.5626891930690284,-0.1903866655815369,1.6995702618688808,0.4279700267764062,1.2969185562461998
Morgana,2.7719298245614037,5.140350877192983,11.87719298245614,13223.964912280702,9169.21052631579,0.49122807017543857,57,-1.2192403238334255,-0.3997468743442249,1.2918782532144766,-1.1143970004628303,-1.1937414840393026,-0.19019885008787862,-2.411599098649889,-0.24419198391578686
Naafiri,8.052777777777777,5.011111111111111,7.05,21567.755555555555,12635.836111111112,0.5,360,1.3223100605366975,-0.5794090204392486,-0.25956594394195875,0.4234109086137878,0.8967215840035827,-0.0012219388922022074,1.3681605130017267,0.5987690107583683
Nami,1.5477855477855478,5.177156177156177,15.662004662004662,9741.340326340327,8126.132867132867,0.5011655011655012,429,-1.8083927449458774,-0.3485821331849939,2.5083044741893303,-1.7562644515499983,-1.8227437429467255,0.023886881476454368,-3.9264113317334504,-0.35616396163591557
Nasus,4.209090909090909,4.863636363636363,5.0,17084.363636363636,10384.945454545454,0.4727272727272727,110,-0.5275678236693051,-0.7844204532930514,-0.9184293073354876,-0.40290363445071475,-0.46062251695479317,-0.5887683355187582,-0.3210443586525368,0.042709304815902314
Nautilus,1.662534435261708,6.146005509641873,13.633608815426998,8654.385674931129,7740.446280991736,0.49449035812672176,726,-1.7531667506255049,0.9982599077302066,1.8563846157651231,-1.9565963547829666,-2.0553225272561306,-0.11991818063494075,-3.6172864189111373,-1.3514439161856113
Neeko,2.970873786407767,5.770226537216828,11.478964401294498,15231.718446601943,8660.064724919093,0.540453074433657,309,-1.1234931811059434,0.47587226582982234,1.1638888764419923,-0.7443566439200506,-1.500769303466111,0.8702735253597014,-2.2533615282356587,-0.024176352349374937
Nidalee,7.388571428571429,4.122857142857143,8.54,19031.654285714285,11767.642857142857,0.5371428571428571,350,1.0026428561252732,-1.8142117367551651,0.21931523237821565,-0.04400693031828252,0.3731790528156431,0.7989602965134881,0.24752335324199537,1.8626727384202302
Nilah,6.645161290322581,5.419354838709677,4.612903225806452,16244.935483870968,12050.612903225807,0.4838709677419355,31,0.6448566938745248,-0.011890628431893493,-1.0428409573861932,-0.5576150009260056,0.5438171607478345,-0.3486956143165091,0.8400417007855788,-0.15648144362271796
Nocturne,6.464912280701754,4.881578947368421,8.50438596491228,19281.473684210527,12203.881578947368,0.5043859649122807,228,0.5581070006921777,-0.7594776419779252,0.20786899679679652,0.0020362008283421633,0.636242055864589,0.093266516705636,0.3955331839596676,0.6436646789880744
Nunu,4.734513274336283,4.920353982300885,10.557522123893806,14876.67256637168,10537.061946902655,0.5398230088495575,113,-0.2746941514529513,-0.7055746815960351,0.8677403115340836,-0.8097936120855018,-0.36889241760178426,0.8566997906952455,-1.3043060290511002,0.9042975653527233
Olaf,5.697247706422019,5.839449541284404,4.6192660550458715,20106.174311926607,11050.98623853211,0.5091743119266054,218,0.1886477374994796,0.5721023492396504,-1.0407959646674698,0.15403320101008108,-0.058983047483029696,0.19642363795465023,0.6874408958674365,-0.14588266852708429
Orianna,4.925414364640884,4.7569060773480665,7.964088397790055,22785.850828729283,11058.28729281768,0.5138121546961326,362,-0.18281785739210368,-0.9327911357016246,0.03421910786631341,0.6479127717573949,-0.05458032674828919,0.2963383908910447,0.034233953129954725,0.8897420466576037
Ornn,2.6711409395973154,4.201342281879195,8.46979865771812,16140.758389261746,9454.590604026846,0.5973154362416108,149,-1.2677476907544325,-1.7051059333267102,0.19675274823646993,-0.5768154299496905,-1.0216500659678602,2.0952803041041217,-1.9452533908101883,2.4299527581223965
Pantheon,6.673144876325089,6.0,7.676678445229682,20643.81625441696,10719.740282685512,0.508833922261484,566,0.6583245487324573,0.7952909299982353,-0.05815352043451681,0.2531236584245874,-0.25873275226020764,0.18909049817764698,0.43666732581397605,-0.33929903247257326
Poppy,3.04,5.346666666666667,10.715555555555556,13841.426666666666,8825.164444444445,0.5555555555555556,225,-1.0902243280198807,-0.11293780130203493,0.9185317448576357,-1.0005952992885094,-1.4012099891502665,1.1956318320137453,-2.3060309290589496,0.6030612846679319
Pyke,5.617469879518072,6.840361445783133,9.846385542168674,11576.909638554216,9216.924698795181,0.4939759036144578,332,0.15025250847031502,1.9635160469430446,0.639183316379158,-1.4179586231006707,-1.1649686290105168,-0.13100126344826915,-1.248888853227883,-1.6779444419904277
Qiyana,7.919324577861163,5.647279549718574,6.151969981238274,22899.206378986866,13090.026266416511,0.4878048780487805,533,1.2580821118155243,0.3049580008205419,-0.5481898847174244,0.6688048421815668,1.1706097563227917,-0.26394593738375177,1.8766621357798234,-0.11970133368571863
Quinn,8.094936708860759,6.3354430379746836,6.879746835443038,24570.898734177215,12571.259493670887,0.5443037974683544,158,1.3426001822080336,1.2616057332685238,-0.3142847598582474,0.9769072185788786,0.8577802473879368,0.9532310682859584,1.823187285734465,0.12884038583698046
Rakan,1.3954248366013071,4.934640522875817,15.34967320261438,7225.179738562091,7965.369281045751,0.5032679738562091,306,-1.8817204429791758,-0.6857143041148501,2.4079221542734808,-2.2200071097518768,-1.9196882589265472,0.06918122410226502,-4.244824696905395,-0.1540935224790157
Rammus,3.3461538461538463,5.1923076923076925,10.346153846153847,12799.23076923077,10312.923076923076,0.46153846153846156,26,-0.9428795394060021,-0.3275193147411095,0.7998072313455729,-1.1926779104666685,-0.504053835627504,-0.8298130110578572,-1.6627405850582204,-0.6648635836097677
RekSai,6.822485207100592,4.27810650887574,7.72189349112426,17113.674556213016,11622.23076923077,0.5325443786982249,169,0.7301986073016438,-1.5983924488966317,-0.043621551061787917,-0.3975014657849635,0.28549187922514085,0.6998935837095076,0.05364961465641974,1.6019582645451433
Rell,1.7289156626506024,5.792168674698795,16.033132530120483,8005.813253012048,8066.192771084337,0.5240963855421686,332,-1.721218996120956,0.5063750408613464,2.6275837695238957,-2.0761319283223183,-1.8588891396789178,0.5178953593320632,-4.044066319272203,-0.605901347471367
Renata,1.3608247422680413,5.319587628865979,15.814432989690722,8428.556701030928,7995.4639175257735,0.44329896907216493,97,-1.8983726707711908,-0.15058161785287755,2.5572944452408857,-1.9982179146961814,-1.9015404305646977,-1.2227531071364166,-4.017750279144816,-1.4369126321264274
Renekton,4.286219081272085,5.109540636042403,5.208480565371024,19419.72438162544,10749.109540636042,0.49469964664310956,283,-0.4904478123776637,-0.4425776083716435,-0.8514243285537618,0.02751658798203632,-0.24102234553192178,-0.11540940113411195,-0.003461704667961113,0.22074893451389435
Rengar,8.479338842975206,5.508264462809917,6.413223140495868,21658.520661157025,12786.46694214876,0.5785123966942148,242,1.5276040680169836,0.11170673141036919,-0.46422396510491537,0.44013943204271816,0.9875557919359063,1.6901995059418211,1.565257023729799,1.404860211505472
Riven,5.560209424083769,5.298429319371728,4.261780104712042,16641.465968586388,11468.696335078534,0.4397905759162304,191,0.12269437125304788,-0.17999475752903424,-1.1556907917908255,-0.4845321850146487,0.19290672504066853,-1.2983357115494323,0.5513745903138222,-0.7799075816462073
Rumble,4.827464788732394,5.665492957746479,6.221830985915493,24385.901408450703,10730.19014084507,0.45774647887323944,284,-0.22995873031715916,0.3302772974519272,-0.5257367839800178,0.9428111628623376,-0.2524312230022874,-0.9115050885953168,0.5951432372606115,-0.7807130714414747
Ryze,5.135021097046414,5.09704641350211,6.550632911392405,22694.052742616033,11558.194092827005,0.44936708860759494,474,-0.08193896899552032,-0.459946402075246,-0.42006090958490216,0.6309938641650965,0.24687614073598219,-1.0920253756672422,0.6296982013242463,-0.3792845789682702
Samira,9.486486486486486,6.297297297297297,4.918918918918919,24151.18918918919,13852.756756756757,0.40540540540540543,37,2.012321011803355,1.2085775837890367,-0.9444885043055676,0.8995523704778232,1.6305555687346807,-2.039108089353679,3.064782515805448,-1.8814797145081938
Sejuani,3.7796610169491527,4.254237288135593,9.610169491525424,15050.389830508475,9272.389830508475,0.6101694915254238,59,-0.7342425314249332,-1.6315741510445134,0.5632642424209395,-0.7777765356565728,-1.1315217491630583,2.3721999457856935,-2.0234099418665843,2.56195342469385
Senna,3.8929765886287626,5.668896321070235,12.97324414715719,19196.903010033446,10770.040133779265,0.5284280936454849,299,-0.679706358956263,0.3350084694218584,1.6441455492273198,-0.013550653778356373,-0.22840066750876079,0.6112149405345862,-1.2396634267765516,0.05265088649899479
Seraphine,2.70873786407767,5.585760517799352,14.077669902912621,11688.459546925566,8960.330097087379,0.5728155339805825,309,-1.24965315769635,0.2194375636101101,1.9991044116933994,-1.3973993427107083,-1.319701675660262,1.5674698967612226,-3.0340535283133128,0.5346397031979797
Sett,4.516129032258065,6.370967741935484,4.693548387096774,19341.516129032258,10414.612903225807,0.5,62,-0.37979745291350975,1.3109902589952618,-1.0169218636256296,0.013102363736153828,-0.44273229366060446,-0.0012219388922022074,0.24536387784437577,-0.8636569720361602
Shaco,6.866666666666666,5.571428571428571,8.323809523809524,21871.114285714284,12678.514285714286,0.5714285714285714,105,0.751462125308027,0.19951406544266406,0.14983231321894502,0.47932164205261635,0.9224576047064612,1.537590052272586,0.9045163807050903,1.1455958559498955
Shen,3.226519337016575,4.834254143646409,9.795580110497237,13909.171270718232,9385.602209944751,0.5027624309392266,181,-1.0004568708072163,-0.825266029391411,0.6228546151158882,-0.9881095847779554,-1.0632518156880342,0.05829012706444813,-1.9395358184798868,0.3014511844715072
Shyvana,6.397058823529412,4.852941176470588,6.161764705882353,19858.529411764706,12077.220588235294,0.38235294117647056,68,0.5254506959310885,-0.7992883251357931,-0.5450418919259553,0.10839084223177073,0.559862269017505,-2.535735806693032,0.9718400523263576,-1.1911241664754886
Singed,3.5597014925373136,5.574626865671642,8.126865671641792,16320.462686567163,10435.634328358208,0.4552238805970149,134,-0.8401039799588357,0.20396016144681106,0.08653519671215945,-0.5436949093726231,-0.43005584164638777,-0.9658503512641599,-0.8340295902210815,-0.98897639122811
Sion,3.2096317280453257,4.688385269121813,7.050991501416431,17827.56657223796,10455.915014164306,0.48725212464589235,353,-1.0085844877074206,-1.0280450643592765,-0.25924727859657376,-0.26592712081327285,-0.41782607421543755,-0.2758541072870513,-0.8388111578859558,0.3775865804379561
Sivir,5.631578947368421,5.784688995215311,7.866028708133971,24088.684210526317,13204.827751196171,0.49282296650717705,209,0.15704287758069962,0.4959771942167285,0.0027030410662483516,0.888032348625177,1.2398379605860268,-0.15583941168866386,1.2339095561937414,-0.2444786575357133
Skarner,5.094674556213017,4.491124260355029,10.112426035502958,18182.10650887574,10702.597633136094,0.5384615384615384,169,-0.10135682901943335,-1.302266670064278,0.7246878696655483,-0.2005834009196601,-0.26907020431405443,0.8273691332734529,-0.8764435421179196,1.3743526965067336
Smolder,6.139130434782609,6.026086956521739,6.417391304347826,26855.08695652174,13070.478260869566,0.46956521739130436,115,0.4013157082611367,0.8315556087103139,-0.4628843307367803,1.397896054986499,1.1588218136534079,-0.6568896568667643,1.8736500327151755,-0.737992770077979
Sona,2.7490774907749076,5.4206642066420665,15.708487084870848,12573.863468634687,8672.361623616236,0.5498154981549815,271,-1.2302386252867838,-0.010070415815506767,2.523243774417767,-1.2342143813731195,-1.4933539619620877,1.07197166380206,-3.2658769718077894,0.29816710574101274
Soraka,0.9128205128205128,5.030769230769231,14.687179487179487,5573.276923076923,7634.328205128205,0.5282051282051282,195,-2.1139867788915185,-0.552081363688979,2.19499881886933,-2.524462161812241,-2.119314415915079,0.6064115140292788,-4.542555739882624,0.09939962821790807
Swain,5.031847133757962,4.770700636942675,10.178343949044587,20698.974522292992,11217.783439490446,0.535031847133758,157,-0.13159421913258276,-0.9136146836208224,0.7458736736772172,0.2632896398372557,0.04159989114918338,0.753482031296898,-0.4528843828026506,1.1319854368177735
Sylas,6.587025316455696,5.7104430379746836,7.018987341772152,20453.511075949365,10978.39240506329,0.504746835443038,632,0.6168771898183399,0.39276447245831636,-0.2695333118969704,0.21804933536237278,-0.10275896851119676,0.10104088330545836,0.5312382324006931,-0.11593172402857745
Syndra,5.347727272727273,5.2295454545454545,6.529545454545454,22161.061363636363,11653.277272727273,0.5409090909090909,440,0.02043161000028739,-0.2757533878732569,-0.4268383499476329,0.5327605319655137,0.30421370751717347,0.8800976560476311,0.5156311043015834,0.9345991967396198
TahmKench,2.054054054054054,5.756756756756757,9.35135135135135,10874.027027027027,7640.864864864865,0.5675675675675675,37,-1.5647373835152338,0.4571473041693981,0.48008093005881874,-1.5475038724209125,-2.115372644462233,1.4544110257231382,-2.9187173699652247,0.29741685325245554
Taliyah,5.603389830508474,5.1661016949152545,8.484745762711864,21181.010169491525,11351.684745762712,0.5322033898305085,295,0.14347610545903375,-0.36394947764548524,0.2015566993921644,0.35213154184689494,0.12234577174055342,0.6925475350905681,0.10364789900960533,0.7899987354809317
Talon,8.39039039039039,5.591591591591592,6.084084084084084,22197.201201201202,13164.387387387387,0.4804804804804805,333,1.484795228251321,0.22754360761895298,-0.5700081922910812,0.539421308873279,1.2154513964957854,-0.42173812866996746,1.9614365519083181,-0.17799499270819086
Taric,1.390625,6.734375,14.0,6193.46875,7857.328125,0.4375,64,-1.884030493688274,1.816179411450229,1.9741415563434195,-2.4101572927949797,-1.9848398136640737,-1.3476824311613926,-3.7071125439195187,-2.8502746146977267
Teemo,5.211267605633803,4.577464788732394,6.570422535211268,27906.929577464787,12012.711267605633,0.5704225352112676,142,-0.0452432820672246,-1.1822407284092233,-0.41370058855583464,1.5917566119857136,0.5209615140838554,1.5159166439463225,0.9344257096858012,2.1277716390805708
Thresh,1.4793650793650794,5.5968253968253965,14.396825396825397,7065.187301587302,7790.736507936508,0.4380952380952381,315,-1.8413219391497955,0.2348193611200311,2.10167995421286,-2.2494946227410217,-2.024996246110384,-1.334858997901686,-3.901823230308747,-1.7784561734882185
Tristana,6.8975,5.4275,5.0525,22068.5125,12917.2075,0.48,400,0.7663014978631519,-0.0005676649039144921,-0.9015559772973605,0.5157032518202161,1.0663956611395715,-0.4320892964183435,1.6429787516190975,-0.07066463584641078
Trundle,4.173076923076923,5.384615384615385,9.307692307692308,16329.403846153846,12249.576923076924,0.6153846153846154,52,-0.5449005249338429,-0.0601835421841223,0.46604905476723746,-0.5420470029813237,0.6637975062435737,2.484551277604765,-0.642838584268325,1.77600060080766
Tryndamere,5.352941176470588,5.455882352941177,3.8088235294117645,18689.08823529412,11907.79411764706,0.5147058823529411,68,0.02294094167964783,0.03888794999876073,-1.3012695687047546,-0.10714379511268811,0.4576938141757141,0.3155922945829003,0.78074945086157,0.31364505184933816
TwistedFate,4.695804195804196,5.048951048951049,8.664335664335665,19107.195804195806,12363.552447552447,0.527972027972028,286,-0.2933239386184613,-0.5268059815563179,0.25927631237527204,-0.03008420028452107,0.7325276355145047,0.6013897499555484,-0.02975182872183144,0.8056479468243534
Twitch,9.666666666666666,8.48611111111111,7.638888888888889,25629.277777777777,13362.541666666666,0.4722222222222222,72,2.0990375789625935,4.251348389665504,-0.0702989615037091,1.171972475323034,1.3349434479087867,-0.599648824345176,2.9660508554467513,-2.9056601173131495
Udyr,4.944,4.88,6.92,19036.28,11378.456,0.464,125,-0.1738730195347753,-0.7616726093736567,-0.3013475230839874,-0.043154384956369224,0.13848951639924925,-0.7767831824392554,0.07025421618146356,-0.04342930537850452
Urgot,5.563218390804598,5.494252873563219,4.137931034482759,19766.103448275862,11435.735632183909,0.47126436781609193,87,0.12414251757228058,0.0922285764230791,-1.195495482017375,0.09135621328027235,0.1730305860078991,-0.6202842341883821,0.8230661367396118,-0.4039816306454637
Varus,6.4485776805251644,6.38293216630197,5.785557986870897,24294.002188183807,12294.711159737419,0.48358862144420134,457,0.5502455341767369,1.3276225558775752,-0.6659535134962637,0.9258736156722827,0.6910145946008797,-0.3547783044771094,1.6089888823681966,-0.9123783039172707
Vayne,6.073239436619718,5.805633802816901,4.028169014084507,22610.749295774647,11534.084507042253,0.48169014084507045,355,0.36960388978216907,0.525093535087117,-1.23077264003321,0.6156405667391501,0.23233744959786437,-0.395677970430218,1.290149835145665,-0.44990070699786244
Veigar,5.301587301587301,5.468253968253968,6.841269841269841,21033.571428571428,11975.547619047618,0.5317460317460317,126,-0.0017744944784823904,0.05608630175336048,-0.3266511412212844,0.3249577461963567,0.4985508923181241,0.6826945016254817,0.5167447107882427,0.5539237802842968
Velkoz,4.91764705882353,5.694117647058824,7.705882352941177,22886.929411764704,10812.117647058823,0.43529411764705883,85,-0.18655608262799458,0.3700697952958281,-0.048767479039868354,0.6665421275353247,-0.20302686080410762,-1.395204566182658,0.32945473909673756,-1.2142105660516136
Vex,6.827956989247312,5.397849462365591,6.688172043010753,22246.817204301075,11131.333333333334,0.5591397849462365,93,0.7328320499118812,-0.0417862417070834,-0.37585627794768767,0.5485658194735362,-0.010531713412461048,1.2728482043302562,0.6876795952650067,1.083955991062282
Vi,6.104918032786885,4.9049180327868855,8.534426229508197,16669.02295081967,11758.960655737705,0.5147540983606558,305,0.38485006785399384,-0.7270329053361082,0.21752384058650237,-0.47945327699305496,0.3679434653710728,0.3166310297746239,-0.08637739140514587,0.700773532640573
Viego,7.988549618320611,5.297709923664122,4.977099236641221,16603.492366412214,11967.729007633588,0.3893129770992366,262,1.2913985279945943,-0.18099482260682206,-0.9257895385407774,-0.4915309351338935,0.49383607152060405,-2.3857931923765703,1.268728334595039,-1.490925450012728
Viktor,5.307262569832402,5.368715083798882,6.73463687150838,26517.49441340782,11421.421787709498,0.46089385474860334,358,0.0009568813000901794,-0.08228728203799703,-0.36092263249234613,1.3356758357790202,0.16439897509303525,-0.8437000122673384,0.9790949832666982,-0.37869835291481113
Vladimir,5.698795180722891,4.943775100401607,5.329317269076305,24711.232931726907,11702.18875502008,0.4899598393574297,249,0.1893925012077001,-0.6730159075476894,-0.8125878031758846,1.0027716066169197,0.33370857070193966,-0.2175208131523134,1.0710277117219031,0.48909741507585475
Volibear,4.754716981132075,5.69811320754717,5.2075471698113205,18140.22641509434,10958.490566037735,0.5849056603773585,53,-0.26497057311336436,0.3756242077955691,-0.8517243188649049,-0.2083021395845394,-0.11476028173392656,1.8279319373980183,-0.004115317664056851,1.0887772819702484
Warwick,5.585365853658536,7.195121951219512,4.7317073170731705,17549.19512195122,10554.731707317073,0.4878048780487805,41,0.1348015808946713,2.4566849506694615,-1.0046577070657532,-0.3172325569410495,-0.3582371043399436,-0.26394593738375177,0.5521455765690184,-1.8163771844065546
Xayah,6.306569343065694,5.781021897810219,6.189781021897811,23171.065693430657,13186.21897810219,0.45985401459854014,137,0.48190019497149517,0.49087939336400205,-0.5360375386577405,0.7189100547619871,1.2286163988848788,-0.8661016711527042,1.619527310753181,-0.7217446048753122
Xerath,6.276470588235294,4.41764705882353,8.529411764705882,26490.117647058825,12043.652941176471,0.5705882352941176,170,0.4674143581161332,-1.404410709135372,0.21591220783271128,1.330630142566384,0.5396201272744389,1.5194863817882944,0.742846393374869,2.24240090324393
XinZhao,6.556338028169014,5.28169014084507,8.366197183098592,21193.077464788734,11810.542253521127,0.5246478873239436,284,0.6021081053774993,-0.20326465989067977,0.16345556968995673,0.3543556127689247,0.39904847585441705,0.5297765651012806,0.5277645566417356,0.6167953521717783
Yasuo,5.632323232323232,6.1171717171717175,5.268686868686869,19699.678787878787,11891.896969696969,0.5272727272727272,495,0.15740108477199521,0.9581767259642705,-0.8320742175780701,0.07911377186682646,0.4481074311458778,0.5863244577343526,0.8152658104459722,-0.10470101895581811
Yone,5.365131578947368,5.567434210526316,4.761513157894737,21981.315789473683,11526.340460526315,0.5115131578947368,608,0.028807901375318877,0.19396132054274975,-0.995078206318207,0.4996324038296911,0.22766759332328482,0.2468102570521222,0.8497314264228472,0.18886133509222874
Yorick,3.6013986013986012,4.496503496503497,4.636363636363637,20107.216783216783,11201.706293706293,0.5034965034965035,143,-0.8200361226767523,-1.2947887463563894,-1.03530085738312,0.15422533437770233,0.03190496486446396,0.07410452221376752,-0.009461961268498895,0.9523820476393027
Yunara,6.6940700808625335,6.2210242587601075,6.419137466307277,24741.811320754718,13702.425876010782,0.5,742,0.6683953673029436,1.1025469230394724,-0.4623231199359834,1.00840737703641,1.539902238428641,-0.0012219388922022074,1.9871846546017091,-0.43782480692262277
Yuumi,1.0333333333333334,4.591666666666667,13.9,7658.225,7468.925,0.38333333333333336,120,-2.0559867364723203,-1.1624980443607653,1.9420018800803207,-2.1401944135208035,-2.21905673973943,-2.5146148577946903,-4.063886608980719,-1.7121927631468041
Zaahen,5.247524752475248,4.905940594059406,5.9504950495049505,20410.49504950495,11051.945544554455,0.5198019801980198,202,-0.02779355310183882,-0.7256113958556719,-0.6129432755278141,0.21012123786910808,-0.05840456164381496,0.4253794051930862,0.2121107267140448,0.8501015695876045
Zac,4.457831325301205,4.867469879518072,9.578313253012048,16615.14457831325,10399.373493975903,0.5783132530120482,83,-0.40785479537758523,-0.7790913064578513,0.55302575049314,-0.4893833664345165,-0.4519220435878656,1.6859092803366622,-1.1894756982097998,1.5978348726916387
Zed,7.798319327731092,5.2521008403361344,5.168067226890757,26969.743697478993,13057.9243697479,0.542016806722689,238,1.1998450743731621,-0.24439810814776092,-0.8644130447084304,1.4190279422319114,1.1512514992054965,0.9039615853223787,2.180780938774159,1.1937307852764236
Zeri,6.751269035532995,5.883248730964467,6.086294416243655,23866.25888324873,13637.035532994923,0.48223350253807107,197,0.6959239056203058,0.6329896183341961,-0.569297798690656,0.8470381000767526,1.5004702046719929,-0.38397212958801263,1.9209161322025925,-0.4153479869509487
Ziggs,5.044776119402985,4.6716417910447765,7.044776119402985,25736.067164179105,12459.574626865671,0.5373134328358209,134,-0.12537179638405233,-1.0513209437237574,-0.26124488225421016,1.1916543645307607,0.7904314427349024,0.8026350714177621,0.8438766747680493,1.4831137858060772
Zilean,2.108843537414966,4.217687074829932,11.959183673469388,10105.292517006803,8724.482993197278,0.5374149659863946,147,-1.5383684681953838,-1.6823842845027097,1.3182297958720122,-1.6891859998892078,-1.461923455407566,0.8048224374322119,-3.2655504834558444,1.2308378629284125
Zoe,5.603225806451613,5.080645161290323,9.064516129032258,22249.84193548387,10341.906451612904,0.5032258064516129,310,0.14339716446159267,-0.4827465375161339,0.3878930181969221,0.5491232945750336,-0.48657612628327135,0.0682727961926582,-0.15988195067006442,0.3776959894864207
Zyra,4.3229813664596275,4.726708074534161,8.186335403726709,22071.316770186335,11174.217391304348,0.4906832298136646,161,-0.4727549719708848,-0.9747707690436782,0.10564857607878411,0.5162200947104687,0.015328460178079156,-0.20193654643543593,-0.13395350529174796,0.5230258802067785
